,0,1,2,3,4,5,6,7,8,9,10,11
0,8.0,0.496089,-1.221614,0.917622,-0.812043,0.997887,-1.411587,-0.697655,-0.804914,0.885214,3.796182,-23.274237
1,15.0,-0.89958,2.619517,-0.783545,1.206832,-0.905877,0.877835,-0.971957,0.525677,-1.077143,24.121248,-26.208612
2,18.0,0.0722,0.114367,1.201669,-0.348126,0.534436,-0.480781,1.265549,-0.4051,0.810384,9.651042,-29.5166
3,19.0,-0.007018,0.364117,1.617129,-0.091898,-0.332063,0.59172,1.904936,-0.048373,0.04881,12.285397,-30.551876
4,21.0,1.420174,-0.210027,0.954301,-0.648726,0.548797,0.311326,1.093683,-0.62555,1.886305,8.122299,-28.619892
5,22.0,0.041876,0.796339,-0.136331,0.204021,-0.481183,0.956768,1.502224,1.114722,-0.457653,14.682788,-29.868738
6,34.0,0.945685,-1.287673,-0.903882,-0.97097,1.473987,-1.054999,-1.146012,-2.021454,0.183758,5.093528,-16.983107
7,46.0,-0.565533,1.249871,-0.392864,0.624886,-1.08108,1.211861,-0.042235,0.419522,-1.405792,22.1123,-26.985409
8,47.0,-0.731097,0.659719,0.075823,0.671069,-0.150364,0.770749,1.106196,1.726132,-0.422821,16.957296,-29.006533
9,59.0,0.447417,-0.755144,1.769383,-0.373866,0.293249,0.432397,-0.40669,0.681922,1.433449,7.847591,-28.16668
10,66.0,1.319952,-1.298306,1.50071,-0.915936,1.13571,-0.201766,0.177147,-0.604802,1.077325,5.473825,-26.74821
11,69.0,-0.395212,0.671913,1.984435,0.50851,-0.255387,-0.07534,1.268209,0.863338,0.532726,10.97201,-30.686848
12,70.0,0.986547,-1.322758,-0.183816,-0.766019,0.363075,-0.947301,-0.198841,-0.084658,0.678119,3.83376,-21.350653
13,71.0,-1.452614,0.955195,-1.054343,1.01913,-1.223062,1.41283,-0.622219,1.98718,-1.021041,18.335106,-28.541836
14,72.0,0.605301,-0.720155,0.378316,-0.546556,0.856197,-1.068264,-1.076752,-0.73417,0.709927,4.495631,-21.086184
15,85.0,-0.83518,0.211538,-1.015926,0.661935,-0.989798,1.779531,-0.716688,1.418059,-0.81008,19.638876,-27.92932
16,94.0,0.976344,-0.086264,0.554359,-0.564734,0.488991,-0.113425,-0.644648,0.114418,0.450147,6.069416,-30.204884
17,102.0,-0.402486,0.460088,0.084151,1.008673,-0.381241,0.534338,1.324765,0.407643,0.373317,12.479121,-30.698076
18,103.0,-0.626387,0.295387,-0.576866,1.072531,-1.905487,0.692192,1.175034,1.775599,-1.572751,17.074497,-29.050283
19,113.0,-0.013706,1.019043,0.950046,0.24635,0.808895,0.74728,1.115454,-0.097417,0.241359,10.029938,-30.378536
20,129.0,0.576923,-0.888946,0.886661,-0.7789,0.114882,-0.56096,0.477909,-0.808107,1.01953,4.840281,-25.181883
21,138.0,0.864415,-0.900435,1.717883,-0.914575,0.035965,-0.261749,0.983898,0.110785,1.377289,7.269798,-27.643438
22,143.0,-1.159365,1.890769,-1.121185,1.008605,-1.376843,0.863481,-0.623052,0.239127,-1.648232,23.165243,-26.41517
23,144.0,-1.682844,1.149087,-1.202137,1.624189,-1.205427,0.309219,-0.013483,-0.347475,-0.954848,24.75818,-26.255333
24,146.0,0.821673,-0.815382,0.556313,-0.674253,1.183684,-1.394655,-0.181156,-1.199307,0.137742,4.287213,-20.750296
25,158.0,-0.425838,0.249559,-0.224464,0.488031,-0.612709,0.987148,1.44314,1.440432,-0.310735,14.201392,-29.995323
26,174.0,0.706852,0.624567,0.740704,-0.592448,0.316407,0.410381,1.37348,0.508672,0.891255,11.816174,-30.951254
27,182.0,0.033083,-1.245725,0.9652,-0.537358,0.697529,-1.168358,0.026767,-1.019954,1.477004,6.429461,-27.137856
28,184.0,0.855368,-0.436863,1.804155,-0.600523,0.778292,0.067065,0.863811,-0.302727,1.191256,5.939169,-26.43208
29,189.0,-0.894499,1.16172,-0.001526,0.115206,-0.760966,1.032691,0.962267,1.919594,-0.368041,16.946566,-28.939804
30,198.0,-0.787706,1.086192,0.302387,0.830249,-0.706283,0.646347,1.263364,1.704107,-0.618584,15.674988,-29.56783
31,200.0,1.745073,-0.844073,-0.304947,-0.631777,0.300533,-1.614108,-0.328486,-1.27446,-0.008162,5.040258,-17.466805
32,205.0,0.759454,-1.264077,0.983818,-0.902685,0.746786,-0.748101,-0.65957,-1.513154,1.378374,4.025185,-23.477524
33,213.0,0.292586,-1.056023,0.429435,-1.361029,1.500346,-1.441572,-0.803604,-0.9461,0.865614,4.889883,-19.978397
34,227.0,1.083159,-1.157696,-0.360698,-1.03898,1.539726,-1.591237,-0.45665,-0.975908,1.13648,5.253041,-17.357006
35,231.0,-0.889202,0.814098,-1.245335,0.622634,-1.743582,1.348971,0.350986,0.461077,-1.442625,16.127068,-29.213877
36,236.0,0.749108,-0.270892,1.42186,-0.571584,0.677491,-0.22053,0.406646,-0.342605,0.912898,9.438005,-30.259567
37,240.0,-0.367723,0.296605,1.144112,0.518402,0.155963,0.699537,-0.639026,0.143694,0.78332,10.848302,-30.571863
38,242.0,1.12396,-0.694655,0.326243,-0.852125,0.879141,-0.720715,-1.131694,-0.283587,1.563559,5.663449,-26.392044
39,247.0,0.826772,-0.940951,1.849268,-0.247929,0.544033,0.053386,0.422619,-1.461479,0.816389,9.025902,-28.79442
40,249.0,1.246845,-0.826837,-0.629646,-1.344022,1.415916,-1.915454,-1.126762,-1.459861,0.953451,5.508256,-18.288239
41,257.0,-0.696048,0.754662,-0.575521,0.006662,-0.896419,1.263278,1.114632,1.791517,-1.716464,17.400436,-29.00815
42,260.0,-0.911097,0.929643,-1.828978,0.472307,-1.965767,1.419787,-0.764243,0.584446,-0.752703,22.024534,-27.006012
43,264.0,1.199049,-1.188237,0.952816,-1.212053,1.438329,-1.036829,-0.930578,-1.126679,1.353232,4.601748,-20.066837
44,269.0,1.119121,-1.272329,1.897298,-0.528078,0.136311,-0.244472,1.021025,0.299011,-0.230975,6.098538,-26.821348
45,273.0,0.769256,-1.08797,0.190156,-1.697765,0.795072,-0.239089,-0.572231,-0.661462,1.708248,3.457182,-25.064913
46,274.0,0.653004,0.691066,1.533058,0.108689,-0.411786,1.422586,1.655458,0.409467,0.961717,10.695201,-30.52892
47,279.0,-0.407363,1.013998,-0.333981,1.142386,-0.96773,1.091506,1.802341,1.323567,0.136036,16.383802,-29.25839
48,281.0,1.801048,-0.848381,0.76576,-0.93082,1.195028,-0.38291,0.040039,-0.712749,1.686599,4.618691,-25.734741
49,284.0,0.968206,-0.905435,0.064957,-1.703737,0.919723,-1.245329,-0.497859,-1.049199,0.560008,5.077854,-25.198086
50,287.0,0.751688,0.261092,1.70335,-1.099552,-0.284664,0.181172,-0.323544,-0.071623,1.352899,7.51141,-28.222807
51,288.0,1.052256,-1.034005,0.018875,-0.711374,1.229186,-1.403847,-0.707999,-1.466331,0.821426,4.403303,-19.988811
52,306.0,1.193755,-0.771312,1.960747,-0.833949,1.320399,-0.94844,0.188222,-1.071517,1.427995,5.541651,-26.295778
53,308.0,0.019824,0.421056,1.062593,-0.108026,0.750613,0.292402,1.290909,1.213106,0.643289,11.889672,-30.953445
54,309.0,1.140965,-1.45379,0.706837,-1.389248,0.86854,-1.696202,-0.761873,-1.935934,-0.117632,4.46876,-24.512686
55,312.0,-0.348409,1.416132,-0.836632,0.638774,-1.409642,1.51589,1.201492,1.795555,-1.013952,17.19577,-28.997833
56,319.0,0.574196,-0.09259,0.689113,0.064101,-0.039979,0.330709,1.732428,0.382316,0.771249,13.315011,-30.482327
57,324.0,-1.065309,1.857285,-0.794546,1.351392,-1.235425,1.321794,-0.236684,0.815127,-1.493398,23.212631,-26.768606
58,333.0,-0.438842,0.670528,0.466756,0.311868,-0.602861,0.959213,1.62078,1.925459,-1.078146,15.247285,-29.504229
59,334.0,0.801588,-1.663414,0.103868,-0.864411,0.851626,-0.581157,-0.578297,-0.229639,2.009082,4.433374,-24.668718
60,350.0,1.604548,-1.115789,0.443375,-0.355941,0.771318,-0.921955,0.487306,-0.640574,1.354466,5.467219,-26.198177
61,353.0,0.375053,0.260929,1.730181,0.309378,0.190048,0.669936,0.521259,-0.543336,1.505836,9.879381,-29.47493
62,356.0,-1.832803,1.402408,-0.505806,0.908638,-0.993956,1.305671,-0.252901,0.293669,-1.092062,22.860308,-26.813309
63,362.0,1.355413,-0.793218,1.118163,-0.421704,1.043235,-1.322714,-0.379329,-0.263957,0.25295,4.132008,-24.343706
64,364.0,-0.5626,0.688518,-0.029653,0.645666,-0.093688,1.146878,1.530288,1.017228,-0.678208,14.994392,-29.81764
65,366.0,-1.383014,1.366489,-0.736176,0.598149,-0.985763,1.11336,-0.540628,0.410938,-1.72164,22.91919,-26.86331
66,370.0,-0.575856,1.302348,-0.92195,1.220352,-1.499365,0.887704,-0.086188,0.342632,-0.920615,20.861391,-27.387249
67,371.0,2.080899,-0.472756,0.706524,-1.224709,1.521797,-0.975816,-1.869573,-0.96825,0.348381,4.550755,-18.934216
68,386.0,-1.277658,1.214054,-1.378797,1.315905,-0.957976,0.525027,0.424898,0.444895,-0.918918,24.35056,-26.183687
69,388.0,1.340621,-1.337325,0.427985,-0.423894,0.490094,-1.514593,0.339762,-0.573207,1.031944,3.76857,-24.176424
70,399.0,1.114737,-1.384447,0.042601,-1.027143,0.97897,-1.185041,-0.747364,-1.105787,0.175336,4.847601,-16.100918
71,401.0,1.145979,-1.336493,0.190689,-1.134925,0.824665,-1.742896,-1.317589,-1.037207,0.338518,5.24527,-17.468826
72,403.0,-1.011324,1.418107,-0.149894,0.447377,-0.933118,0.967021,-0.283756,1.035342,-1.767374,20.70337,-28.052685
73,404.0,1.603701,-0.802936,-0.006905,-1.235274,1.404214,-1.699428,-0.697808,-1.346253,0.651461,3.714012,-22.426609
74,406.0,0.387662,-1.098345,1.76812,-0.427748,0.621283,-0.139676,1.639769,-0.367552,1.107298,8.970282,-29.561779
75,418.0,0.549158,-1.610273,-0.088607,-0.54805,1.077291,-1.144184,-1.399141,-1.039077,0.20778,5.187511,-18.82099
76,419.0,-0.767938,1.44471,-1.406095,1.219396,-0.933214,0.576209,-0.398087,0.411203,-1.518007,22.886576,-26.718191
77,420.0,-0.684576,0.480519,0.460862,0.866938,-0.473698,0.79307,1.919437,1.094179,0.10407,13.56101,-30.271593
78,432.0,0.593613,-0.059656,1.897502,1.012461,0.113425,0.398324,0.765166,0.206489,1.074339,9.910155,-29.78461
79,449.0,-0.101347,1.085519,1.101283,0.860848,0.132877,0.967383,2.014361,0.282473,0.353516,12.961647,-31.106525
80,453.0,-0.686363,0.160133,-0.068741,0.503574,-0.475633,1.772198,1.33128,1.468083,-0.603279,15.659431,-29.35179
81,454.0,0.885484,-1.261358,0.295774,-0.75127,1.198549,-1.223168,-1.050892,-1.50771,0.320675,4.262576,-18.6534
82,456.0,0.95108,-0.587789,1.217732,-0.275259,1.512699,-0.841077,-0.334123,-0.279266,1.850892,4.834147,-25.903728
83,461.0,-1.241867,1.31545,-0.110404,0.494779,-1.611092,1.273916,-0.341093,1.099234,-1.450915,21.02617,-28.45579
84,463.0,0.045489,0.049792,1.971868,0.712057,-0.072846,0.199735,1.91408,0.515911,0.137742,11.229507,-30.945534
85,473.0,-1.449558,0.363644,-0.571794,0.618104,-1.095689,1.829828,-0.134146,1.364037,-1.279332,20.149986,-27.761835
86,477.0,1.244159,-0.802572,-0.054502,-1.329047,0.322667,-1.102121,-1.021074,-1.786927,0.535705,5.283835,-15.608548
87,489.0,-0.848437,0.571143,-0.362426,0.916733,-0.930547,1.230403,0.543301,1.545286,-1.193107,17.7791,-29.575272
88,493.0,1.114009,-1.249523,1.138347,-0.902231,-0.453116,-0.503473,-0.615757,-0.140147,0.768111,4.418549,-24.161562
89,497.0,0.266984,-0.749319,-0.019907,-0.966435,0.689579,-0.786128,-0.526908,-1.203139,1.09425,4.752227,-19.51523
90,499.0,-1.337074,1.203683,-0.75497,0.780554,-1.338863,1.866013,-0.733867,1.013466,-1.401271,19.107082,-27.921862
91,503.0,-1.369254,1.822106,-1.359112,1.215383,-1.015249,0.608695,-0.564801,0.13658,-1.190505,23.75999,-26.30183
92,505.0,-0.806423,0.762701,0.023139,0.42957,-1.680014,1.168618,0.456107,1.162825,-1.156579,14.299222,-30.642406
93,509.0,0.36484,-1.159305,0.932232,-1.184917,1.58948,-1.193529,-0.846452,-1.478002,0.938555,2.37308,-21.634499
94,520.0,-1.172636,1.699075,-1.829195,0.904035,-1.692383,2.107863,-0.803589,1.438135,-0.903164,19.868114,-27.905025
95,524.0,1.165175,-1.472602,0.521212,-0.519488,1.130021,-1.451853,-0.639775,-1.195942,0.725017,5.004445,-21.209263
96,527.0,0.042668,-0.887683,0.206165,-1.322635,0.684146,-0.91135,-0.765357,-0.677421,0.962918,3.530171,-24.403473
97,530.0,0.601088,-0.23354,1.708265,-0.658277,0.045169,-0.999519,0.709621,0.18383,1.575613,7.476286,-27.99981
98,536.0,-0.632015,0.646284,0.07737,0.870063,-1.02937,0.8886,0.849812,1.461068,-1.846158,16.976357,-28.946331
99,542.0,-1.33439,1.404985,-0.944471,0.649458,-0.779504,2.301792,-0.665439,1.51988,-1.442032,20.978024,-27.50894
100,543.0,-0.653655,1.114615,-0.423019,0.297864,-0.899095,0.346915,0.89438,1.502996,-0.414807,16.782051,-29.092531
101,544.0,1.545125,-1.729327,0.372198,-0.219822,0.774813,-0.765823,-0.537416,-0.980004,0.701377,4.340202,-22.722567
102,545.0,-1.089991,0.623108,0.175491,0.038226,-0.996975,0.710912,1.341643,1.489943,-0.25814,15.491755,-29.377428
103,552.0,-1.165918,1.412746,-0.898515,0.610329,-0.625462,1.881076,-0.179609,0.506321,-1.730354,21.14845,-27.418295
104,558.0,-0.591036,0.215494,0.59704,0.762403,-1.05523,0.981572,0.896681,0.964762,-0.508505,15.102246,-29.563093
105,561.0,0.098347,0.466929,2.029597,-0.543314,0.25896,0.125893,1.326135,0.691466,0.370456,9.534643,-29.353123
106,573.0,0.359601,-0.639379,2.02584,-0.04169,0.692202,-0.343075,0.255374,-0.809043,1.625665,6.304169,-27.419374
107,578.0,-1.23795,0.610487,-0.952409,0.68858,-1.268381,1.865417,-0.137818,1.397997,-1.185687,19.958824,-27.817368
108,583.0,1.178535,-1.044464,0.008094,-0.842281,1.426443,-0.84747,-0.868068,-0.770215,0.594379,4.662995,-19.553183
109,591.0,0.64657,-1.229582,0.045503,-1.413262,0.828348,-1.627259,-1.324305,-0.888047,0.265539,5.115816,-18.893967
110,594.0,1.352376,-1.381839,0.161922,-0.988708,1.414718,-1.075076,-0.534879,-1.990809,0.049356,4.605333,-17.749096
111,602.0,1.115845,-0.903758,0.335532,-0.968701,1.166416,-1.120329,-0.484591,-1.27579,0.746237,4.888943,-15.490441
112,612.0,1.157096,-0.079751,0.389863,-0.931745,0.873886,-0.102696,0.907569,-0.416555,0.890811,7.195908,-29.212488
113,613.0,0.361647,-0.370886,2.118335,-0.796304,0.245257,-0.311293,0.182786,-0.692352,1.721405,6.702874,-27.327618
114,619.0,0.697588,-0.012362,1.591176,0.642268,0.688185,-0.340678,1.477671,0.345666,0.940501,9.44599,-30.358126
115,626.0,0.2047,-0.686387,0.603231,-0.269625,0.212493,0.077154,0.550039,0.196804,0.385606,7.967832,-28.43757
116,628.0,-1.312334,1.531182,-0.739557,1.461106,-0.938111,0.848311,-0.134947,0.635708,-1.356902,21.869232,-27.117802
117,644.0,1.481995,-1.330168,0.183968,-1.254955,0.944687,-0.846455,-1.098749,-1.07717,0.801343,4.0765,-21.73059
118,646.0,1.364645,-0.654467,0.37771,-0.576026,0.785009,-1.135247,-0.171286,-0.509799,1.634685,4.344012,-23.66176
119,650.0,1.276641,-1.451871,-0.151678,-1.279272,0.927251,-0.904073,-0.840026,-2.021759,0.460096,5.035754,-15.437988
120,654.0,0.445555,-0.493312,2.87267,-0.659233,0.647835,0.420181,0.095008,0.346984,0.813428,8.741056,-28.908264
121,659.0,0.046452,-1.696057,-0.216495,-0.137797,0.184999,0.424641,0.764831,0.102222,1.360931,8.556919,-28.635963
122,663.0,-0.552083,0.715486,-0.742705,0.286626,-0.946347,0.940114,1.591236,1.334214,-0.543979,14.885739,-29.673798
123,664.0,0.831801,-1.199118,0.895781,-1.332395,1.455649,-1.222277,-0.089684,-0.483168,1.839618,4.622875,-24.843933
124,665.0,1.370905,-0.662555,0.62799,-0.531006,1.453308,-0.470659,-0.182867,-0.442509,1.946012,5.896702,-26.257496
125,682.0,1.348218,-1.080505,-0.161339,-0.737022,1.875997,-1.407549,-0.971396,-1.136978,0.64704,5.491007,-16.33221
126,695.0,-0.179624,0.158013,1.031084,0.190464,1.093896,1.115868,2.547303,-0.466122,-0.023324,10.154812,-31.132547
127,696.0,1.49118,-0.616587,-0.79355,-1.44299,1.343578,-0.639402,-0.761041,-1.436509,0.790216,5.612163,-17.716442
128,700.0,0.473919,-0.629119,0.813263,-0.630835,1.417631,-0.95398,-0.449159,-0.306753,1.243537,4.255375,-23.64361
129,705.0,0.69513,-0.202206,1.277678,-1.111158,0.577899,-1.222963,1.095381,-0.911359,1.498037,6.192801,-26.705496
130,721.0,-0.657683,1.285581,-0.781382,0.640086,-1.243894,1.872423,0.046393,1.304836,-1.145442,21.014381,-27.541979
131,722.0,-0.852989,-0.571289,-0.300199,0.52184,-1.310254,2.298116,0.193545,1.359965,-1.355208,18.905432,-28.131413
132,725.0,2.243752,-1.288215,0.198049,-1.215631,1.22914,-1.231001,-1.191098,-1.940695,0.014312,4.966771,-17.161043
133,730.0,0.022752,-0.015551,1.863303,-0.468246,0.280788,-0.267007,1.111851,0.762377,1.079928,9.142395,-29.24373
134,732.0,1.011936,-0.192239,1.980931,-0.515335,0.600282,-0.256405,0.503508,0.300488,1.821396,8.096418,-28.51167
135,735.0,-0.774307,0.784559,-0.369997,0.020623,-1.247655,1.454532,0.100791,1.351746,-0.353679,17.90523,-28.520674
136,739.0,-0.397105,0.841896,-0.431468,0.703155,-1.115206,1.020651,1.080025,1.480688,-2.259307,16.799845,-29.041777
137,740.0,0.898922,-1.333838,0.935762,-0.945444,0.534651,-0.979772,-0.350907,-0.683692,0.516181,4.446572,-23.882013
138,745.0,1.710169,-1.166121,-0.26013,-0.855112,1.583997,-1.122576,-0.418673,-1.810477,0.209181,5.591298,-16.925121
139,749.0,0.259298,-0.755086,0.342564,-0.706984,0.922533,-0.636805,-1.170894,-0.816113,0.312821,4.968296,-19.180672
140,756.0,0.270893,-0.240257,2.251205,-0.676598,0.699569,0.272504,0.086911,-0.063302,0.38128,8.700839,-28.97978
141,757.0,1.425445,-0.956621,-0.070526,-1.432255,1.677548,-1.286131,-0.662129,-1.62741,0.80457,4.565637,-20.507238
142,762.0,0.351354,-1.033823,1.130394,-1.128754,0.949732,-0.926949,-0.604715,-1.534247,1.345989,4.541803,-21.105844
143,764.0,0.248391,0.183617,2.233381,0.504049,-0.740206,0.873661,-0.009911,0.705547,0.3608,11.545867,-30.897188
144,769.0,1.735321,-1.124013,0.754975,-1.095614,0.354913,-0.282637,-1.212105,-0.24239,0.448358,3.841049,-24.180635
145,772.0,-0.631702,0.452647,-1.032392,0.211669,-0.838993,-0.192301,1.766917,1.470154,0.005535,15.155754,-31.893427
146,774.0,-1.003277,1.752234,-0.277226,0.589329,-0.947173,1.066694,-0.063269,0.430964,-1.395964,20.669153,-27.44682
147,777.0,0.223054,-0.6466,1.302902,-0.548347,1.323732,-0.870234,-0.221609,-1.669627,1.13449,3.89164,-22.931667
148,785.0,0.375439,0.972456,1.943516,0.969055,0.28402,0.533839,2.170851,0.146521,0.476274,10.444746,-30.169418
149,787.0,0.782941,-0.540018,0.837625,-0.186893,0.957215,-0.654312,0.75235,-1.517148,1.417319,6.135753,-27.197165
150,791.0,-1.567362,1.464567,0.092988,0.931204,-1.861358,1.140684,-0.259014,1.326055,-1.846209,22.60843,-26.813007
151,793.0,-1.32302,0.269147,-0.384705,0.381893,-1.019662,1.646565,0.048671,-0.238968,-0.884588,18.35717,-28.5031
152,795.0,0.427834,-0.476897,-0.221242,-1.320392,0.267677,-1.891259,-0.240798,-1.034483,0.929481,4.204746,-19.863293
153,797.0,0.375414,0.629086,2.286192,0.082469,0.106029,-0.840048,1.377085,0.588859,1.002783,11.259252,-30.960869
154,799.0,0.101795,-0.157812,0.705722,0.545904,-0.603942,1.192003,1.697538,0.669258,-0.075098,11.417612,-31.656622
155,808.0,0.610493,-0.178799,1.601177,0.073196,0.707613,-0.017964,-0.572623,-0.141362,1.288933,8.415872,-28.620874
156,810.0,-0.410629,-0.712541,0.812527,0.133883,-0.487692,0.256279,1.564505,0.743287,0.511308,12.872716,-30.505892
157,820.0,-0.916521,0.922355,-0.628026,0.183188,-0.91848,1.429216,-1.129574,-0.869043,-0.702003,22.578543,-26.966112
158,822.0,-0.151468,0.124955,0.495852,0.084955,-0.343703,-0.461246,2.096519,1.080648,0.491082,13.07228,-30.378225
159,825.0,-0.64085,-0.183379,-0.048151,0.526008,-0.67074,1.047603,1.13515,1.721239,-0.969883,16.320723,-29.48112
160,826.0,-1.433483,1.431421,-2.335733,0.580094,-1.212581,1.412778,-0.431036,0.751301,-1.197703,20.735153,-27.382196
161,828.0,1.327464,-0.750841,0.092883,-1.276827,0.737274,-1.008648,-0.192062,0.036642,0.321892,5.080876,-25.50582
162,835.0,-1.009931,0.251403,-0.090511,-0.039741,-0.922523,1.277868,1.129733,1.685812,-0.296025,15.34887,-30.626534
163,838.0,-1.282086,0.727555,-1.127722,0.407234,-1.382981,1.584117,-0.228768,0.613402,-1.315873,19.269281,-27.962711
164,862.0,0.914795,-0.699485,0.143078,-0.588504,-0.353529,-0.507836,-0.660718,-0.269805,-0.500837,5.645969,-29.489906
165,871.0,0.426514,-0.585746,-0.383913,-0.029185,0.988453,-1.101246,-0.954651,-0.886593,1.134555,4.937143,-25.239216
166,872.0,0.861211,-0.986133,-0.356649,-1.119591,1.317526,-0.554955,-1.881088,-1.490471,-0.100963,5.142895,-16.782166
167,881.0,-0.362404,0.63895,0.313592,0.328913,-1.314312,1.473739,1.289773,1.479692,-1.002827,17.724916,-28.730522
168,882.0,-0.887122,0.461166,-0.208289,0.36088,-0.680598,1.291225,0.999386,1.764,-0.938938,17.694862,-29.195648
169,883.0,0.828236,-0.163711,2.224854,-1.055418,0.903081,0.117071,0.751723,-0.665399,0.751468,8.374956,-28.763203
170,887.0,-1.187821,0.845552,0.110599,0.624751,-0.340947,-0.035666,0.302483,1.718635,0.108691,14.191566,-29.972855
171,892.0,1.184402,-0.681601,0.029282,-0.628673,1.133534,-0.87238,-1.235742,-0.940328,0.767342,5.287044,-17.565802
172,904.0,0.444929,-0.697483,-0.598674,-1.522828,0.992136,-1.082602,-0.248891,-1.574751,1.430541,4.524317,-24.305328
173,927.0,-0.513213,1.455694,-1.128057,1.566468,-0.728104,0.126797,-1.01502,-0.056153,-1.638214,24.206463,-26.236023
174,946.0,0.457245,-1.758411,0.51536,-1.114051,0.972135,-0.459037,-0.634621,-0.845788,0.461727,4.925129,-18.303072
175,949.0,1.362712,-0.99265,0.090892,-0.776894,0.942165,-2.115021,-1.214635,-1.464139,0.675111,4.545308,-18.00854
176,952.0,0.354327,1.224352,0.781475,0.194353,-0.156226,1.022533,1.423309,1.117506,0.660478,10.976839,-30.963432
177,956.0,0.578863,-0.842723,0.72705,-0.814418,0.628118,-0.924832,-0.521946,-0.571052,0.376665,4.19068,-23.658154
178,957.0,1.439842,-1.268325,1.152662,-1.111698,1.088148,-1.205418,0.272996,-0.83367,1.036764,3.680266,-25.831177
179,962.0,0.973011,-1.15643,1.817698,-0.561968,1.179946,-0.273185,0.031686,-0.395698,1.789694,5.461413,-26.169147
180,964.0,0.744385,0.63746,2.015706,0.05625,-0.051452,0.362494,1.990754,0.903712,0.634597,11.107469,-30.951233
181,967.0,-1.389826,0.987531,-2.097502,0.754711,-1.023039,1.595164,-0.795737,0.563676,-1.73496,19.570133,-27.95944
182,968.0,-0.139873,-0.257998,1.547015,0.202661,0.191835,0.416624,0.13376,0.546924,0.310786,10.716728,-30.432423
183,978.0,0.276056,0.772871,0.208833,-0.204558,0.068757,0.733556,2.038727,0.561605,0.350824,10.613765,-30.82789
184,981.0,1.057322,-0.810634,0.293256,-1.257352,1.008178,-0.873018,-1.165121,-1.448395,1.019986,5.538895,-26.394722
185,983.0,2.131606,-0.243892,0.193405,-0.492189,0.58432,-0.343783,0.132812,-0.511969,0.567114,4.625762,-23.681828
186,985.0,1.108517,-0.665174,0.287357,-1.011232,1.453797,-1.14147,-1.534236,-0.854018,0.453071,4.124865,-17.51057
187,986.0,1.049334,-0.595487,0.461098,-0.871192,1.297502,-0.843064,-0.070576,-0.262508,1.26072,4.261186,-24.44034
188,989.0,-0.041077,0.191458,1.929654,-0.783088,0.819013,1.634082,1.16843,0.794629,0.894843,9.668757,-29.918568
189,991.0,-0.429511,0.184484,1.802899,-0.088569,0.085795,0.930086,0.172178,0.837895,1.053166,10.492985,-30.34416
190,998.0,0.422624,-1.077653,1.739614,-0.492239,0.389336,-0.710365,0.051232,-0.297832,1.160531,7.197349,-27.802507
191,999.0,-1.749057,2.023396,-0.938854,1.414671,-1.78273,0.833859,-2.669054,0.182633,-0.552365,23.81669,-26.422426
192,1002.0,2.063138,-1.003751,-0.088045,-1.840298,1.756311,-1.922425,-1.392917,-0.913018,0.519889,4.880448,-17.927038
193,1007.0,-0.547028,0.625945,-0.485462,0.44536,-0.275459,1.164472,0.987374,1.673614,-1.000006,16.938122,-28.933796
194,1008.0,0.803282,-0.546932,0.792611,-0.528991,0.885869,-0.233475,-0.390952,-0.040733,1.214768,6.997732,-27.625769
195,1016.0,0.524411,-1.162071,0.450951,-0.961461,-0.042386,-1.029364,-0.475211,-1.596362,1.605537,4.009953,-22.545033
196,1022.0,-2.061658,0.54201,-1.129571,0.484808,-1.968023,0.991329,0.145766,1.253869,-0.514247,17.738909,-28.573442
197,1024.0,0.204359,0.137685,0.904365,-0.155277,0.268958,-0.995993,1.2868,0.407959,1.179043,9.840887,-31.708405
198,1037.0,1.349028,-1.475851,0.063875,-1.710008,1.625072,-0.863536,-0.064717,-0.980798,0.638034,5.094668,-16.126549
199,1049.0,0.802094,-1.56263,1.855978,-0.347878,1.003266,-0.444175,0.411154,-0.702839,1.511342,6.263257,-26.812733
200,1059.0,0.173968,-0.362517,2.124953,-0.115063,0.679966,-0.170185,0.452018,-1.084219,0.645831,8.52363,-28.513145
201,1060.0,-0.615377,0.813174,-1.200971,0.949494,-0.852023,1.803856,-1.582693,1.262118,-1.38795,18.740118,-28.297882
202,1062.0,0.564378,-0.099661,-0.061941,-1.239329,0.044896,0.222337,-0.510489,-0.48779,1.673273,8.182534,-29.807781
203,1065.0,1.544345,-1.366492,0.342518,-1.0297,1.45652,-1.277403,-0.22082,-1.601755,0.553528,4.259171,-16.36396
204,1085.0,-0.026817,0.436371,-0.210478,0.141587,-0.593025,1.187318,1.520777,1.602272,-0.141566,14.315935,-30.05385
205,1087.0,-1.567688,1.026399,-0.978234,0.211537,-1.299925,0.955893,0.054956,0.827684,-0.787888,19.674086,-28.05554
206,1093.0,0.052374,-0.752943,0.8001,-1.47961,1.194136,-1.414352,-0.295634,-1.067843,0.25995,4.640889,-20.283678
207,1095.0,-0.002749,-0.371612,1.723499,0.331144,-0.675091,0.350394,0.740535,-0.35184,1.127667,9.721417,-29.572924
208,1097.0,0.239454,-0.744409,1.529077,0.055003,0.186956,-0.287503,1.396234,0.361105,1.348799,8.298017,-29.823492
209,1098.0,0.77083,0.20343,1.807405,0.668098,0.340022,0.842313,1.254535,0.846945,0.382147,11.03553,-30.94587
210,1099.0,-1.479832,1.320292,-0.034513,0.976888,-1.491811,0.780427,-0.561802,0.298526,-1.086612,22.867521,-26.7743
211,1106.0,0.154639,0.543448,0.343291,0.548675,-0.011314,0.678386,0.866366,1.092663,-0.053557,12.172749,-30.70741
212,1115.0,1.272011,-0.459545,0.007146,-0.593152,0.899492,-0.822551,0.09892,-1.103372,1.191229,4.785236,-19.442656
213,1123.0,0.725336,-0.63291,2.204503,-0.854329,0.87749,-0.695598,0.579648,-0.394866,1.697158,6.176309,-27.17116
214,1126.0,-1.324256,1.189802,-0.576656,1.173776,-0.774097,0.888427,-0.288662,-0.011366,-0.975239,22.768232,-26.792967
215,1128.0,1.464099,-1.373353,1.126793,-1.044685,1.107064,-1.007697,-0.082908,-0.651311,0.809129,4.581802,-24.344526
216,1132.0,0.836705,-0.703375,1.080604,-0.646977,1.187402,-0.348885,0.209122,-0.782187,1.420311,4.596223,-26.899752
217,1135.0,-0.242788,1.556723,-1.944805,0.931533,-1.811181,1.331984,-0.261625,0.825786,-1.819012,20.740221,-27.960724
218,1139.0,1.471759,-1.096889,0.3834,-0.976918,0.027438,-0.765023,-2.114218,-1.073152,0.191588,4.794664,-18.711721
219,1140.0,-1.924299,1.204591,-0.275886,0.945038,-1.464209,1.859981,-0.266808,1.716359,-1.212248,19.668297,-28.080807
220,1143.0,1.346077,-0.790221,-0.122469,-0.564217,1.141944,-1.145034,-2.8564,-0.989124,0.227489,4.021644,-21.86827
221,1147.0,1.338178,-0.802131,0.504424,-0.787925,0.873426,-0.528765,-0.257323,-0.080673,1.209993,5.627487,-26.081722
222,1148.0,0.768449,-0.141088,-0.623969,-0.982934,1.429946,-0.558806,-0.264947,-0.707108,0.102729,4.848802,-19.240963
223,1157.0,-0.803078,1.416731,0.46687,0.483012,-0.535778,0.758944,1.381152,0.833384,-1.060951,13.92959,-30.121935
224,1161.0,-0.375076,1.06356,0.958037,0.494559,-0.575996,1.135223,2.254779,1.628576,0.251229,14.085056,-29.995047
225,1176.0,-1.808839,0.697291,-1.090004,0.794261,-1.001036,1.905981,-0.038229,1.030612,-1.821845,21.415968,-27.447422
226,1181.0,0.769629,-1.29932,1.521195,-0.479202,0.318495,-0.136277,-0.014625,0.185318,0.43444,6.557553,-27.407257
227,1184.0,-1.075309,0.713018,-0.838025,0.840823,-1.271159,2.054757,-0.573446,1.45264,-1.060301,20.472454,-31.19834
228,1186.0,0.794525,-0.413615,2.278572,-0.040833,0.923554,-0.444856,0.539052,-0.148723,0.805768,9.56076,-29.599247
229,1199.0,0.343513,-0.5446,-1.754635,-0.71516,0.663049,-0.929565,0.091184,-1.137057,1.491636,3.834328,-21.599548
230,1202.0,1.086598,-1.045462,0.064672,-0.593777,1.45008,-1.834436,-0.332761,-0.942724,-0.625298,4.268589,-21.763582
231,1210.0,-2.078993,0.946352,-1.318054,0.385269,-1.344807,1.789084,-0.141905,0.957846,-1.02615,20.184313,-27.779333
232,1213.0,-1.462243,1.332209,-1.125886,1.146592,-0.921655,1.625902,-0.571009,1.112579,-0.911575,22.571365,-26.712294
233,1214.0,0.469822,-1.342241,0.391617,-0.637237,-0.156113,-0.38745,-0.19728,-0.541958,1.624548,6.348487,-27.318155
234,1215.0,1.153767,-0.809667,0.540961,-1.4523,1.474915,-1.647905,-0.440445,-0.811705,2.373545,4.420193,-24.628086
235,1216.0,-0.005618,-0.137257,0.698519,1.038722,-0.176519,0.414531,1.555185,0.493015,-0.424286,12.609875,-30.610897
236,1218.0,-1.613821,0.516193,-1.271932,0.94361,-1.449644,1.715192,0.641542,1.737103,-0.835974,19.116173,-32.118126
237,1221.0,-1.376067,1.082178,-0.013362,0.550803,-0.466016,1.715181,1.686221,1.284007,-0.850796,19.144518,-32.203213
238,1225.0,0.616263,-0.384372,0.336854,0.720154,-0.280867,0.102838,1.488032,1.3406,-0.418722,12.686692,-30.637962
239,1239.0,0.905692,-1.092319,-0.955514,-0.728677,1.398642,-1.324616,-0.313146,-0.946118,0.048843,4.386988,-20.380945
240,1240.0,-1.286781,1.0968,-0.642261,0.152961,-1.209963,2.082432,-0.376038,1.268553,-1.060217,20.232601,-27.726494
241,1242.0,0.493314,-1.382288,-0.163495,-1.278866,0.405592,-1.327527,-0.921256,-2.004203,2e-06,5.395142,-16.219364
242,1245.0,-1.558611,1.092193,-0.824295,0.361057,-1.359703,0.821172,-0.154482,0.135137,-1.441142,22.320234,-26.877668
243,1249.0,-0.157419,0.538811,0.169466,0.225654,-0.748317,0.677801,1.681961,1.298809,0.012287,14.061892,-29.878674
244,1253.0,1.269867,-0.928936,-0.208435,-1.012222,1.108136,-1.538407,-0.283439,-1.185402,0.780667,4.462132,-17.640532
245,1259.0,1.24431,-1.181458,0.2008,-1.166153,1.445059,-1.115766,-1.185698,-1.289008,0.414399,5.307076,-16.280632
246,1264.0,-1.122989,1.016694,-0.25451,0.865582,-1.098165,1.317206,0.278167,0.090126,-0.974727,20.819239,-27.559248
247,1266.0,0.600476,-0.462315,1.351299,-0.400617,0.987635,-0.229958,0.768435,-1.399259,1.743558,6.954051,-27.325783
248,1269.0,0.274497,0.466135,-0.151041,-0.016858,-0.869345,1.15123,1.674173,1.503576,-0.318592,12.029407,-31.699623
249,1271.0,1.475074,-0.697397,0.399983,-0.611659,0.899652,-0.972659,-1.135489,-1.166418,0.763796,3.184566,-18.836678
250,1273.0,0.738745,0.323113,2.259526,1.118236,-0.881737,0.140174,1.196689,-0.203576,6.8e-05,12.006538,-30.888145
251,1275.0,-0.33937,0.404766,-0.448618,0.431635,-1.220722,0.587008,0.755182,2.02987,-0.620259,17.275503,-29.043459
252,1278.0,-1.148283,0.51048,-0.128893,1.143374,-0.555051,1.009103,-0.016655,0.894976,-0.842701,21.994005,-27.092926
253,1280.0,0.836064,-1.092948,-0.231353,-0.831413,1.739016,-1.285846,-0.342563,-0.977447,-1.157041,5.28097,-15.445119
254,1284.0,-0.626073,0.467825,-1.355809,1.368019,-1.829168,2.125316,-1.327099,1.020909,-1.038991,16.125498,-30.100014
255,1286.0,-0.435584,1.015013,0.991396,0.493949,-0.047003,1.315128,2.204396,1.541202,0.390574,13.329025,-30.119053
256,1294.0,-0.732434,0.8225,0.778593,0.660023,-0.319798,0.61005,2.253459,0.18982,0.574351,12.522634,-32.92895
257,1298.0,-1.329565,1.412159,-1.279674,1.465968,-0.318993,0.840572,-0.230866,0.406232,-1.135946,24.463818,-26.194439
258,1301.0,0.56535,0.570025,2.299246,0.35705,0.30051,1.313703,1.137464,0.054499,0.445321,9.00864,-31.018255
259,1302.0,-1.620175,0.402388,-0.255537,0.669258,-0.972897,0.216876,1.740289,2.020122,-0.724208,14.694287,-29.747435
260,1310.0,1.347437,-0.9964,0.388465,-1.583557,0.485526,-0.631422,-0.763985,-0.717153,0.524414,4.927878,-19.07445
261,1313.0,1.24099,-1.139559,0.535363,-0.999914,1.41001,-1.308762,-0.106403,-1.087627,0.942897,4.19849,-21.42391
262,1319.0,1.265855,-1.39945,0.550735,-0.650869,0.960838,-0.840333,-0.096674,0.135792,0.862794,4.490914,-23.271385
263,1320.0,-0.908262,0.868865,0.109846,0.871796,-0.767137,0.783438,1.461053,1.366156,-0.511929,15.295194,-29.801052
264,1321.0,0.578409,-1.107085,-0.442077,-0.67578,0.692586,-1.377335,-0.031995,-0.330529,0.814419,4.638259,-22.51343
265,1337.0,0.5035,0.723961,1.893022,0.990954,0.540468,-0.158199,1.529431,-0.017605,0.842563,10.709667,-31.061853
266,1342.0,-0.052147,0.28652,1.918776,-0.150635,-0.225947,0.665822,0.977083,1.455728,0.759875,11.692837,-30.974783
267,1356.0,-1.455826,1.681291,-1.309091,1.436974,-0.754323,0.898235,-0.655379,-0.56502,-1.035644,23.859482,-26.423582
268,1362.0,0.643017,-0.594679,0.50142,-1.496781,1.567681,-0.760057,-0.310875,-0.545271,1.627326,4.590533,-24.487818
269,1370.0,-0.926835,0.389007,1.964074,0.588359,-0.141264,0.278135,1.3533,1.092066,0.27762,11.154284,-30.956667
270,1374.0,-1.64522,0.693436,-1.423597,1.260003,-1.537453,2.372496,0.092616,0.418421,-0.532854,19.643085,-27.975971
271,1380.0,1.273721,-0.892093,1.571369,-0.72849,1.302117,0.215319,-0.799092,-0.328094,1.922296,5.890416,-26.51443
272,1384.0,1.557128,-1.425687,-0.198894,-0.287774,1.280633,-0.225198,-0.509238,-1.093412,1.282457,4.121164,-23.638275
273,1389.0,0.489448,0.211795,1.742728,-0.018512,-0.124345,0.740687,1.114493,0.311347,0.43587,10.826211,-30.90717
274,1395.0,0.712621,1.000103,1.735315,0.31582,0.046256,0.677332,1.277657,0.818787,0.648399,12.488077,-30.803015
275,1406.0,0.81241,-0.762981,0.86846,-0.646517,0.625415,-0.627418,-0.443056,-1.466807,0.990202,3.247296,-24.300661
276,1409.0,0.347893,0.16689,1.160729,0.769271,0.090986,0.568274,0.291725,1.058866,0.629647,11.569279,-30.924967
277,1414.0,-0.065095,-1.321075,-0.403981,-0.791842,1.554576,-1.261934,-0.024474,-0.729318,1.514012,5.060314,-25.284023
278,1419.0,1.086002,-0.398025,0.363998,-0.991043,1.301428,-0.77003,-0.552664,-0.772263,0.88537,6.142369,-26.78982
279,1421.0,1.291007,-0.837221,0.450571,-1.019185,1.86142,-1.603344,-1.942242,-1.639138,0.274944,4.657612,-18.036152
280,1429.0,-0.866176,1.627021,-0.084459,1.322287,-0.891092,1.389308,-0.705271,1.386497,-0.480215,21.693113,-27.208063
281,1433.0,1.222433,-0.823565,0.870654,-0.887686,1.505602,-0.65703,-1.032252,-0.861193,1.394116,4.606111,-24.16917
282,1436.0,0.893644,-1.438331,1.257438,-0.928549,0.521515,-1.131166,0.567402,-2.190252,1.92538,8.035603,-28.505945
283,1440.0,-0.783089,1.971805,-1.442454,0.542605,-0.893624,1.043412,-1.61097,0.670722,-1.051011,23.653605,-26.601418
284,1442.0,1.526628,-0.296961,1.762061,-0.785392,0.716637,0.024409,-0.291936,-1.14061,1.066894,7.465948,-29.197884
285,1449.0,-0.494231,0.898633,-0.210247,0.652163,-0.625359,1.022042,1.647313,1.351153,-0.534749,15.57991,-29.396042
286,1453.0,-0.258278,0.969402,-0.302123,-0.457853,-0.801787,0.988662,2.002118,0.95041,0.158005,14.011001,-30.186392
287,1455.0,-1.254434,1.1145,-1.516209,0.571593,-1.312889,1.493851,-0.583682,1.128122,-1.282176,20.678156,-27.467518
288,1456.0,0.550355,-0.17204,2.283767,0.091495,0.504383,0.116241,1.696414,0.461561,1.057494,9.471862,-29.213684
289,1460.0,0.000695,-1.40352,0.4543,-0.62873,1.373658,-1.085464,-0.154853,-0.651715,0.649038,4.577116,-20.943228
290,1464.0,-0.661024,0.931804,-1.0111,1.1384,-0.985979,1.234374,1.407664,1.676204,-0.589068,17.053497,-29.050941
291,1467.0,0.091234,-0.925971,-0.063837,-0.891936,1.342494,-1.004107,-0.46253,-0.440452,0.622062,5.335589,-19.313414
292,1471.0,1.260539,0.034637,0.458281,-0.697155,1.253593,-1.225128,-0.192985,-0.805519,1.506016,5.401554,-26.002754
293,1475.0,-1.256323,1.037466,-1.111583,0.754465,-0.800924,1.66799,-0.096418,1.159944,-1.088505,18.074026,-28.517368
294,1479.0,-0.956487,0.867933,0.162311,0.682405,-0.856206,1.006141,0.237949,1.536326,-0.437789,15.851631,-29.298113
295,1484.0,-1.192581,1.758579,-1.876738,1.558742,-1.571801,0.552791,-0.523394,-0.154063,-1.623681,23.353207,-27.228888
296,1485.0,-0.201595,-1.012986,0.696826,-1.30866,1.163593,-0.936789,-0.513126,-0.731751,0.951927,4.880289,-19.694645
297,1491.0,1.484195,-1.6164,-0.30885,-0.448055,0.903576,-0.823968,-0.213782,-1.155141,0.681062,4.286232,-23.027878
